Date,Orders,Customers,Returns,Marketing_Spend,Average_Order_Value,Revenue
2019-01-01,357,304,10,19707.31,827.38,135084.72
2019-02-01,348,274,16,21411.95,785.72,132435.5
2019-03-01,403,300,6,22698.73,755.69,160892.75
2019-04-01,415,322,9,22689.56,766.7,189443.53
2019-05-01,349,266,12,19575.77,738.18,170476.97
2019-06-01,354,287,11,12225.68,761.42,156325.64
2019-07-01,371,275,8,15370.75,782.47,157021.18
2019-08-01,347,252,8,14469.66,825.63,131457.85
2019-09-01,343,266,3,15807.89,860.23,136428.29
2019-10-01,323,289,7,19739.18,754.12,150079.56
2019-11-01,369,289,8,15486.17,818.75,152131.69
2019-12-01,383,279,11,20506.01,771.08,167135.85
2020-01-01,387,290,7,24400.75,826.61,161225.48
2020-02-01,431,396,13,21213.13,807.91,174178.77
2020-03-01,433,378,15,26233.82,750.92,170101.29
2020-04-01,411,336,11,22713.04,849.99,186669.43
2020-05-01,436,349,12,21443.85,798.82,191522.42
2020-06-01,397,354,10,16762.3,803.81,163379.73
2020-07-01,423,380,11,17727.66,787.56,156138.59
2020-08-01,388,327,7,17703.25,804.6,166608.17
2020-09-01,376,279,11,16922.07,844.98,147793.12
2020-10-01,363,257,9,18691.92,825.88,171686.48
2020-11-01,413,328,19,21126.62,846.5,159653.99
2020-12-01,398,370,16,21455.98,850.17,183101.89
2021-01-01,413,325,12,24511.56,886.22,169821.63
2021-02-01,435,322,8,25225.46,830.5,180924.94
2021-03-01,470,383,7,25707.22,793.31,199748.56
2021-04-01,474,369,17,25289.68,884.85,186666.95
2021-05-01,473,341,13,19454.64,838.4,180172.92
2021-06-01,464,407,14,19004.98,891.51,178549.2
2021-07-01,487,404,5,20369.51,868.42,178240.84
2021-08-01,417,348,14,15881.54,852.91,152377.05
2021-09-01,404,316,12,16462.84,872.21,165262.05
2021-10-01,396,330,5,20074.15,930.79,165638.44
2021-11-01,435,375,9,23599.89,937.69,183547.95
2021-12-01,462,382,13,24470.57,869.93,161094.79
2022-01-01,455,343,12,28609.24,875.61,172554.19
2022-02-01,460,331,10,28482.23,910.17,174795.02
2022-03-01,476,345,11,27972.39,845.4,189673.51
2022-04-01,516,400,12,25927.41,889.16,202383.16
2022-05-01,517,381,14,26989.78,879.09,197201.03
2022-06-01,502,360,18,20300.71,893.49,190712.29
2022-07-01,461,335,1,15536.55,855.83,183034.93
2022-08-01,467,394,11,21547.66,831.87,178014.8
2022-09-01,454,319,12,18559.03,817.45,161870.99
2022-10-01,455,395,13,21344.18,853.39,186898.22
2022-11-01,477,381,10,25877.19,878.95,189960.2
2022-12-01,478,366,5,23005.93,887.24,195046.82
2023-01-01,509,430,14,25404.15,967.8,194602.53
2023-02-01,516,381,20,25497.7,941.21,202297.55
2023-03-01,537,489,7,26467.67,871.33,224682.58
2023-04-01,552,438,17,27161.35,919.67,210025.7
2023-05-01,504,416,11,25183.54,895.75,206210.25
2023-06-01,519,377,13,22607.29,902.55,196797.02
2023-07-01,502,404,8,18039.91,921.49,186141.77
2023-08-01,483,388,11,15941.81,939.17,176035.99
2023-09-01,482,403,17,20920.72,908.13,173312.77
2023-10-01,519,423,15,21740.8,959.73,191001.22
2023-11-01,475,381,19,25786.89,885.03,197353.05
2023-12-01,531,443,18,28593.52,927.72,202832.71
2024-01-01,493,409,14,29345.95,1020.92,193436.95
2024-02-01,543,423,21,31188.24,940.31,217845.57
2024-03-01,570,446,16,29749.69,985.16,224133.46
2024-04-01,587,403,18,28764.12,940.7,219888.99
2024-05-01,588,492,14,24411.59,960.33,214142.67
2024-06-01,580,505,15,23226.7,940.51,218551.64
2024-07-01,540,419,11,22377.08,939.04,207017.78
2024-08-01,523,412,17,23016.95,920.22,184824.92
2024-09-01,543,391,9,21554.15,965.06,190977.71
2024-10-01,518,396,16,24968.1,922.7,204021.3
2024-11-01,502,382,12,25921.49,978.3,197280.14
2024-12-01,521,414,18,28558.42,995.49,214131.67
2025-01-01,546,449,17,32030.25,972.83,198202.01
2025-02-01,597,490,22,27672.49,952.48,232183.58
2025-03-01,605,445,18,28443.46,980.89,238936.03
2025-04-01,625,515,9,26582.07,956.7,229603.6
2025-05-01,599,431,15,22919.49,1002.74,233069.82
2025-06-01,602,469,10,23769.12,908.4,203781.66
2025-07-01,598,464,13,24811.87,963.25,206255.04
2025-08-01,563,422,20,22467.21,907.82,205156.88
2025-09-01,570,514,17,24058.91,927.67,192858.41
2025-10-01,543,505,11,27430.59,1030.24,218266.37
2025-11-01,558,413,10,30229.84,1016.33,232552.56
2025-12-01,573,494,14,30085.55,962.32,213132.77
